title,price
Nike Air Zoom Flight 95,£150.00
Nike Air Max 90 Terrascape,£135.00
Nike Air VaporMax 2021,£205.00
Nike Air Force 1 Mid NH,£125.00
Nike Air Force 1 Mid,£125.00
Nike Air Max 97,£165.00
Nike Free Terra Vista,£113.00
Nike Air Max 95 SE,£165.00
Nike Air Max 95,£170.00
Nike Kyrie Infinity Basketball Shoe,£115.00
Nike Air Force 1 Mid,£125.00
Nike LeBron 19,£170.00
Nike Air Max 95 'Earth Day',£170.00
Nike Air Trainer 1 SP,£135.00
Nike LeBron 19,£170.00
Nike Air Huarache,£110.00
Nike Air Max 95 SE,£165.00
Nike Air Force 1 High Sculpt,£115.00
Nike Offline 2.0,£120.00
Nike Air Huarache,£110.00
Nike Offline 2.0,£120.00
Nike LeBron 19,£170.00
Nike Air Force 1 Low '07 Vintage,£110.00
Nike LeBron IX Low QS,£168.00
Nike KD 14 'Ky-D',£135.00
Nike Air Force 1 High Sculpt,£125.00
Nike Air Trainer 1 SP,£135.00
Nike ACG Air Mada,£130.00
Nike Kyrie 8,£115.00
Nike ACG Air Mada,£130.00
Nike Zoom Freak 3,£115.00
Nike Free Terra Vista,£115.00
Nike ACG Air Mada,£130.00
Nike SB Ishod Wair Skate Shoes,£90.00
Nike ACG Mountain Fly Low GORE-TEX,£165.00
Nike Air Max 95,£165.00
Nike ACG Mountain Fly Low GORE-TEX,£165.00
Nike Air More Uptempo 96,£150.00
Nike Zoom Freak 3,£113.00
Nike Offline Pack,£113.00
Nike x UNO Air Force 1 '07 QS,£110.00
Nike Air Force 1 07 LX,£115.00
Nike LeBron 9,£215.00
Nike x ACRONYM Blazer Low,£125.00
Nike Air VaporMax 2021,£200.00
Nike Air Huarache,£110.00
Nike Air Trainer 1,£113.00
Nike Air Max 95 SE,£165.00
Nike Air Force 1 Boot,£170.00
Nike Offline Pack,£105.00
Nike Air VaporMax 2021,£200.00
Nike Dunk High 1985,£115.00
Nike Air Force 1 Low 'Have a Nike Day',£110.00
Nike Offline 2.0,£115.00
Nike Air Presto Premium,£125.00
Nike Kyrie 8,£115.00
Nike Air Force 1 High Sculpt,£95.00
Nike Waffle Trainer 2,£80.00
Nike Air Force 1 Boot,£170.00
Nike Free Run Trail,£105.00
Nike Air Force 1,£110.00
Nike Flight Lite Mid,£115.00
Nike Blazer Low '77 LX,£95.00
Nike Free Run Trail,£110.00
Nike Offline 2.0,£115.00
Nike Free Terra Vista,£113.00
Nike Blazer Low '77 LX,£95.00
Nike Air Huarache,£110.00
Nike Free Terra Vista,£113.00
Nike Waffle Trainer 2,£80.00
Nike Offline 2.0,£115.00
Nike Air Trainer 1,£135.00
Nike Air VaporMax 2021 Flyknit,£200.00
Nike Pegasus 83 Premium,£90.00
Nike Pegasus 83 Premium,£90.00
Nike Air Huarache,£110.00
Nike GTS 97,£60.00
Nike Air Presto Mid Utility,£140.00
Nike Air Max 95,£155.00
Nike Victori Slides,£28.00
Nike Pegasus Trail 3 GORE-TEX,£135.00
Nike Wildhorse 7,£110.00
Nike Dunk High 1985,£115.00
Nike Air Max 97,£170.00
Nike Free Run 2,£100.00
Nike Air Force 1 Boot,£145.00
Nike Air Huarache,£110.00
Nike Pegasus Trail 3,£115.00
Nike Offline Pack,£110.00
Nike Offline 2.0,£115.00
Nike Air VaporMax Plus,£190.00
Nike Air VaporMax Plus,£190.00
Nike Air Max 95 Essential,£155.00
Nike Air VaporMax 2021 Flyknit,£200.00
Nike Air Max 90,£125.00
Nike React Vision,£120.00
Nike Lahar Low,£120.00
Nike Offline 2.0,£115.00
Nike Air Force 1 High Sculpt,£115.00
Nike Victori One Slide,£28.00
Nike Flight Lite Mid,£113.00
Nike Air Max Pre-Day,£115.00
Nike Free Run 2,£100.00
Nike Air Force 1 07 LX,£110.00
Nike Air Max 90,£135.00
Nike Air Max 90,£125.00
Nike Blazer Mid '77 OG QS,£90.00
Nike Air Max 95 Essential,£155.00
Nike Air Flight Lite,£110.00
Nike SB Ishod Wair Skate Shoes,£90.00
Nike Air Max 95,£165.00
Nike Free Run 2,£100.00
Nike Wildhorse 7,£110.00
Nike Air Huarache,£105.00
Nike Air Max 90,£135.00
Nike Air Max 90,£125.00
Nike Air Max 97,£165.00
Nike Blazer Low,£80.00
Nike ACG Mountain Fly GORE-TEX,£200.00
Nike Air Force 1 Mid '07,£135.00
Nike Air Max 95 Essential,£155.00
Nike Free Run 2,£95.00
Nike Air Max 96 II,£160.00
Nike Juniper Trail,£73.00
Nike Blazer Low,£80.00
Nike Air Force 1 LX,£85.00
Nike Offline,£105.00
Nike Blazer Mid '77,£90.00
Nike Air Force 1 Low,£100.00
Nike Air Max 90,£125.00
Nike Air Max 90,£125.00
Nike Air Huarache,£70.00
Nike ACG Air Deschutz Sandal,£50.00
Nike Waffle Trainer 2,£55.00
Nike NSW Free Remastered,£50.00
Nike Nike Air Zoom Terra Kiger,£80.00
Nike BE-DO-WIN,£50.00
Nike Air Huarache,£60.00
Nike Waffle Trainer 2,£45.00
Nike NSW Free Remastered,£60.00
Nike Air Huarache,£85.00
Nike Air Huarache,£80.00
Nike Free Run 2,£65.00
Nike ACG Air Deschutz Sandal,£40.00
Nike Blazer Low 77,£55.00
Nike ACG Air Mowabb,£80.00
Nike Air Max 95,£115.00
Nike Free Run Trail,£60.00
Nike ACG Air Mowabb,£110.00
Nike Lahar Low,£65.00
Nike Terra Kiger 7,£85.00
Nike Presto,£75.00
Nike Air Presto Mid Utility,£85.00
Nike Blazer Mid '77,£75.00
Nike Waffle Trainer 2,£60.00
Nike Air VaporMax Evo,£145.00
Nike Air Presto 'Multi-Storm',£50.00
Nike Air Force 1 Mid 'NYC',£80.00
Nike ACG Air Mowabb,£80.00
Nike Air Presto,£75.00
Nike ACG Air Mowabb,£100.00
Nike Burrow,£30.00
Nike LeBron 18,£110.00
Nike ACG Mountain Fly Low,£110.00
Nike Air Force 1 Mid 'NYC',£75.00
Nike LeBron 18,£115.00
Nike Terra Kiger 7,£70.00
Nike 'First Use' Waffle Trainer 2,£65.00
Nike GTS 97,£40.00
Nike Waffle Two,£50.00
Nike Free Run Trail,£45.00
Nike Air Huarache,£70.00
Nike Air VaporMax 2021 Flyknit,£160.00
Nike Air Max 90,£90.00
Nike Free Run Trail,£50.00
Nike Air Pegasus '83,£50.00
Nike Free Run Trail Crater,£55.00
Nike Blazer Low,£60.00
Nike Air Presto,£50.00
Nike LeBron 18 Low,£95.00
Nike Lebron VIII,£120.00
Nike Air Force 1 '07 Low QS,£80.00
Nike Blazer Low,£65.00
Nike LeBron 8 'Space Jam',£125.00
Nike Free Run Trail,£45.00
Nike ACG Air Mowabb,£65.00
Nike PG 5,£75.00
Nike Killshot OG,£35.00
Nike Killshot SP,£30.00
